title,company,location,link
Marketing Specialist,TechNova,"Denver, CO",https://careers.datapulse.com/789
Frontend Developer,ByteSize Solutions,"Portland, OR",https://careers.datapulse.com/789
Cloud Architect,FutureScale,Remote,https://zenithtech.com/careers/890
Cloud Architect,Apex Digital,"Austin, TX",https://bytesizesolutions.com/apply/678
Marketing Specialist,Nexus Systems,"Chicago, IL",https://futurescale.com/jobs/345
DevOps Engineer,Apex Digital,"Chicago, IL",https://careers.datapulse.com/789
DevOps Engineer,FutureScale,"Boston, MA",https://apexdigital.com/apply/567
Software Engineer,TechNova,"Seattle, WA",https://careers.technova.com/jobs/123
Product Manager,FutureScale,Remote,https://apexdigital.com/apply/567
DevOps Engineer,InnovateCorp,Remote,https://careers.datapulse.com/789
